business_id,business_name,sector,city_tier,business_vintage_years,segment_hidden_label,is_ntc_ntb,monthly_upi_volume_inr,avg_monthly_balance_inr,txn_count_per_month,bounce_rate_pct,balance_volatility_pct,gst_on_time_filing_pct,gst_vs_bank_turnover_gap_pct,months_since_last_gst_filing,gst_registration_vintage_years,employee_count,employee_retention_rate_pct,pf_contribution_regularity_pct,avg_salary_payment_delay_days,revenue_6m_growth_pct,revenue_volatility_pct,defaulted_12m,data_maturity_factor,score_cash_flow,score_compliance,score_stability,score_growth,composite_score_0_100,financial_health_score,risk_band
MSME0001,Average Enterprises 1,Retail Trade,Tier-2,5.9,Average,False,25488.0,32477.0,192.0,6.76,10.75,48.12,22.35,2,4.5,9,51.88,60.09,12.0,-1.14,16.44,0,1.0,43.9,42.1,49.0,34.3,42.1,552,Moderate
MSME0002,Ntc Weak Enterprises 2,Retail Trade,Tier-1,4.2,NTC_weak,True,40248.0,15300.0,86.0,10.6,28.63,37.18,24.07,5,0.9,7,20.02,34.89,18.3,-5.13,21.22,0,0.29,13.5,21.7,13.4,15.6,15.4,392,High Risk
MSME0003,Risky Enterprises 3,Food & Beverage,Tier-1,7.5,Risky,False,13555.0,25317.0,106.0,9.54,25.5,39.4,31.74,3,5.1,2,20.74,24.87,21.1,-5.26,21.39,1,1.0,14.2,26.2,1.2,15.1,14.8,389,High Risk
MSME0004,Risky Enterprises 4,Logistics & Transport,Tier-2,7.8,Risky,False,15866.0,9296.0,75.0,10.42,33.12,25.33,25.54,3,0.1,1,34.95,28.35,14.1,-5.45,18.27,0,0.0,0.9,17.1,13.2,21.2,11.5,369,High Risk
MSME0005,Healthy Enterprises 5,Construction Materials,Tier-1,8.4,Healthy,False,78294.0,29598.0,243.0,3.23,6.15,81.53,3.85,1,5.5,11,82.27,78.09,15.2,15.04,5.0,0,1.0,76.4,83.2,73.9,93.4,81.8,791,Excellent
MSME0006,Healthy Enterprises 6,IT Services,Tier-2,7.4,Healthy,False,80787.0,56750.0,238.0,0.86,5.18,89.1,7.73,3,7.5,19,79.22,82.52,1.5,8.74,5.0,1,1.0,93.7,80.3,92.6,79.9,86.7,820,Excellent
MSME0007,Healthy Enterprises 7,Food & Beverage,Tier-2,8.1,Healthy,False,67708.0,35039.0,223.0,2.16,5.0,80.2,10.63,2,6.7,8,82.35,96.09,6.5,16.37,5.0,0,1.0,76.4,74.9,80.1,96.2,81.7,790,Excellent
MSME0008,Ntc Clean Enterprises 8,Textile & Apparel,Tier-1,4.7,NTC_clean,True,64291.0,40816.0,227.0,3.84,12.44,84.01,14.24,0,0.1,6,59.86,70.88,5.3,16.87,5.0,0,0.0,71.6,82.0,59.9,97.3,78.3,770,Excellent
MSME0009,Risky Enterprises 9,Agri-Trading,Tier-1,3.6,Risky,False,33355.0,11957.0,127.0,10.21,29.25,38.3,29.86,2,4.5,7,29.79,31.17,23.9,-10.73,21.14,1,1.0,11.7,29.9,14.1,3.8,14.8,389,High Risk
MSME0010,Risky Enterprises 10,Logistics & Transport,Tier-1,3.3,Risky,False,44482.0,22563.0,49.0,6.07,25.69,26.1,32.51,2,5.0,4,32.68,16.58,0.7,2.99,25.93,1,1.0,29.1,21.4,24.1,32.7,27.1,462,High Risk
MSME0011,Healthy Enterprises 11,Logistics & Transport,Tier-2,11.1,Healthy,False,36650.0,56663.0,247.0,2.97,7.47,96.15,4.7,1,8.1,15,88.93,79.14,1.2,18.53,5.0,0,1.0,72.8,94.6,92.5,100.0,89.0,834,Excellent
MSME0012,Ntc Clean Enterprises 12,Retail Trade,Tier-2,0.7,NTC_clean,True,62332.0,44180.0,247.0,4.31,12.43,75.68,4.32,0,0.5,1,79.14,54.83,10.5,7.92,7.28,0,0.11,73.8,85.1,52.0,73.3,70.9,725,Good
MSME0013,Ntc Clean Enterprises 13,Auto Repair & Parts,Tier-3,0.4,NTC_clean,True,94698.0,32861.0,256.0,3.52,15.81,73.53,6.64,0,0.1,6,63.93,71.2,9.2,21.01,8.88,0,0.0,77.2,82.6,59.3,91.7,78.6,772,Excellent
MSME0014,Average Enterprises 14,Retail Trade,Tier-2,4.8,Average,False,56979.0,36936.0,223.0,6.65,14.72,59.34,18.73,2,1.8,9,57.22,60.48,11.9,-13.66,8.97,1,0.69,59.8,48.5,52.0,26.5,47.0,582,Moderate
MSME0015,Healthy Enterprises 15,IT Services,Tier-2,9.8,Healthy,False,72793.0,44046.0,295.0,2.79,5.0,96.14,3.78,0,5.3,6,84.0,80.45,0.0,10.71,5.0,0,1.0,87.4,94.2,80.9,84.1,87.0,822,Excellent
MSME0016,Healthy Enterprises 16,Textile & Apparel,Tier-2,8.8,Healthy,False,106089.0,34781.0,272.0,3.2,5.0,80.9,0.0,0,8.4,18,82.44,91.77,0.0,3.82,5.0,0,1.0,86.9,92.0,96.6,69.5,85.8,815,Excellent
MSME0017,Average Enterprises 17,Food & Beverage,Tier-1,4.8,Average,False,84730.0,22185.0,226.0,4.6,17.22,51.79,24.49,1,4.9,7,45.71,62.54,8.0,11.53,10.76,0,1.0,63.9,46.9,47.6,73.5,58.8,653,Good
MSME0018,Average Enterprises 18,Logistics & Transport,Tier-1,5.4,Average,False,85325.0,21252.0,157.0,5.64,11.96,61.1,28.88,1,1.9,8,51.02,58.21,12.1,3.75,11.55,0,0.73,59.4,44.1,46.4,55.3,52.4,614,Moderate
MSME0019,Average Enterprises 19,Textile & Apparel,Tier-2,4.3,Average,False,62371.0,23097.0,187.0,7.01,11.7,60.72,26.86,0,2.4,3,56.32,57.57,5.2,-0.71,9.31,0,0.96,51.6,49.4,47.8,50.5,50.0,600,Moderate
MSME0020,Average Enterprises 20,Pharma & Healthcare Retail,Tier-3,4.6,Average,False,63258.0,51587.0,170.0,6.24,21.13,73.31,28.94,0,1.7,8,65.56,57.9,2.3,7.58,10.88,0,0.64,63.4,55.6,60.7,64.9,61.7,670,Good
MSME0021,Risky Enterprises 21,Retail Trade,Tier-2,5.1,Risky,False,28728.0,10852.0,112.0,9.67,25.04,22.92,31.12,3,4.0,1,30.99,37.51,9.2,-1.65,17.51,0,1.0,11.5,16.7,19.3,31.0,19.2,415,High Risk
MSME0022,Healthy Enterprises 22,Textile & Apparel,Tier-1,7.9,Healthy,False,40927.0,50400.0,274.0,2.26,5.0,86.81,7.43,0,9.5,21,70.33,73.6,5.6,9.2,5.0,0,1.0,79.2,92.2,80.5,80.9,83.1,799,Excellent
MSME0023,Average Enterprises 23,Textile & Apparel,Tier-2,6.9,Average,False,52146.0,31715.0,198.0,7.83,14.77,61.02,17.32,2,3.4,6,62.89,67.31,0.0,6.6,10.67,0,1.0,50.5,52.1,63.4,63.2,56.7,640,Moderate
MSME0024,Average Enterprises 24,Agri-Trading,Tier-1,6.0,Average,False,69116.0,12389.0,224.0,3.19,18.79,66.18,9.47,0,6.9,13,50.07,50.06,13.1,3.91,14.25,1,1.0,52.5,75.7,46.9,49.8,56.5,639,Moderate
MSME0025,Average Enterprises 25,IT Services,Tier-3,7.7,Average,False,62055.0,24151.0,188.0,5.06,16.92,63.0,24.67,1,3.5,2,54.0,61.4,14.3,-2.64,13.75,0,1.0,52.2,50.7,40.9,36.9,45.7,574,Moderate
MSME0026,Ntc Weak Enterprises 26,Manufacturing (Light),Tier-1,0.9,NTC_weak,True,58552.0,18104.0,122.0,8.69,18.99,41.14,25.99,2,0.1,8,50.65,47.05,19.6,-9.04,18.05,0,0.0,34.3,31.8,35.1,14.0,28.1,468,High Risk
MSME0027,Healthy Enterprises 27,Pharma & Healthcare Retail,Tier-1,7.7,Healthy,False,106080.0,46692.0,240.0,2.13,8.57,84.5,8.56,0,6.5,13,89.62,77.09,0.0,10.75,5.0,0,1.0,91.4,86.3,90.1,84.2,88.1,828,Excellent
MSME0028,Average Enterprises 28,Retail Trade,Tier-1,7.7,Average,False,29813.0,25254.0,209.0,4.79,12.84,64.01,20.06,4,0.7,8,68.17,52.8,5.9,-2.27,7.05,0,0.2,44.5,43.6,56.8,52.1,49.0,594,Moderate
MSME0029,Risky Enterprises 29,Retail Trade,Tier-2,3.9,Risky,False,66549.0,8643.0,140.0,5.76,17.69,19.59,28.11,3,3.6,2,28.5,35.28,21.7,-16.61,18.41,1,1.0,40.2,18.6,9.7,6.2,20.2,421,High Risk
MSME0030,Healthy Enterprises 30,IT Services,Tier-1,8.5,Healthy,False,56410.0,36336.0,239.0,4.56,6.36,92.88,0.36,1,9.0,15,85.74,82.08,4.8,3.87,5.0,0,1.0,69.1,95.3,89.8,69.6,79.9,779,Excellent
MSME0031,Risky Enterprises 31,Pharma & Healthcare Retail,Tier-3,3.8,Risky,False,32892.0,7491.0,128.0,9.47,23.91,42.49,30.48,1,0.1,7,17.2,47.55,7.1,7.57,20.13,1,0.0,15.6,32.5,27.9,45.0,29.0,474,High Risk
MSME0032,Healthy Enterprises 32,IT Services,Tier-2,8.0,Healthy,False,73987.0,31826.0,252.0,4.3,5.0,93.22,9.17,0,6.1,5,93.12,88.62,10.3,12.58,6.86,0,1.0,75.8,90.1,77.4,84.1,81.8,791,Excellent
MSME0033,Healthy Enterprises 33,Textile & Apparel,Tier-3,6.4,Healthy,False,60963.0,46715.0,296.0,3.66,5.0,91.06,5.53,1,7.8,1,79.91,83.19,0.0,14.79,5.0,0,1.0,82.9,91.4,74.4,92.8,85.8,815,Excellent
MSME0034,Ntc Clean Enterprises 34,Textile & Apparel,Tier-3,3.1,NTC_clean,True,49143.0,43159.0,231.0,3.24,5.22,82.38,3.12,1,0.1,11,61.61,53.05,5.7,2.31,5.0,0,0.0,72.7,87.4,57.3,66.2,69.5,717,Good
MSME0035,Ntc Weak Enterprises 35,Logistics & Transport,Tier-1,2.5,NTC_weak,True,39886.0,26780.0,130.0,6.94,21.89,30.52,33.13,3,1.0,1,38.8,41.11,19.0,4.65,21.1,0,0.33,33.9,12.7,18.2,36.7,28.0,468,High Risk
MSME0036,Ntc Weak Enterprises 36,Pharma & Healthcare Retail,Tier-1,6.0,NTC_weak,True,5486.0,16517.0,117.0,7.42,35.22,25.67,31.69,2,1.8,3,25.36,41.57,20.2,-4.54,16.61,0,0.69,10.8,15.9,13.0,26.7,16.5,399,High Risk
MSME0037,Average Enterprises 37,Pharma & Healthcare Retail,Tier-1,3.6,Average,False,33963.0,41223.0,179.0,5.88,16.69,42.63,17.07,3,5.7,9,45.85,63.27,14.1,4.34,14.7,0,1.0,49.6,42.0,46.0,49.8,47.0,582,Moderate
MSME0038,Healthy Enterprises 38,Pharma & Healthcare Retail,Tier-2,8.5,Healthy,False,30731.0,36052.0,250.0,2.51,5.0,76.83,5.1,1,8.5,2,85.82,80.53,0.1,8.89,5.94,0,1.0,63.6,84.8,77.1,78.2,75.2,752,Excellent
MSME0039,Risky Enterprises 39,Agri-Trading,Tier-2,4.9,Risky,False,11159.0,20559.0,109.0,10.49,27.16,56.55,30.81,2,1.8,1,23.63,41.89,24.6,-10.57,17.0,0,0.69,8.9,35.6,9.4,13.0,15.7,394,High Risk
MSME0040,Average Enterprises 40,Retail Trade,Tier-1,6.4,Average,False,59094.0,24279.0,190.0,5.21,17.3,64.89,24.88,1,4.2,1,46.68,65.96,5.7,-2.05,11.38,0,1.0,50.8,52.9,44.4,43.3,48.2,589,Moderate
MSME0041,Healthy Enterprises 41,Agri-Trading,Tier-1,6.7,Healthy,False,68649.0,50744.0,259.0,3.03,7.31,100.0,7.23,1,9.2,11,78.17,79.16,2.2,7.44,5.07,1,1.0,86.7,93.1,81.6,77.0,84.9,809,Excellent
MSME0042,Average Enterprises 42,Logistics & Transport,Tier-2,4.4,Average,False,47220.0,29663.0,190.0,7.33,12.26,63.32,18.23,2,6.6,8,58.42,45.76,14.2,8.65,17.24,0,1.0,48.9,58.3,42.3,53.5,51.1,606,Moderate
MSME0043,Healthy Enterprises 43,Logistics & Transport,Tier-1,7.7,Healthy,False,62733.0,51359.0,269.0,1.62,5.0,90.95,7.47,0,6.5,19,78.48,93.46,10.0,20.28,5.0,0,1.0,88.9,91.0,87.4,100.0,91.9,851,Excellent
MSME0044,Ntc Clean Enterprises 44,Pharma & Healthcare Retail,Tier-2,0.1,NTC_clean,True,79301.0,38096.0,203.0,3.41,12.53,75.66,13.51,1,1.8,6,67.16,55.23,4.7,16.45,5.0,1,0.0,74.7,72.6,56.1,96.4,77.2,763,Excellent
MSME0045,Average Enterprises 45,Pharma & Healthcare Retail,Tier-2,2.1,Average,False,48368.0,39938.0,195.0,6.32,17.25,64.03,22.89,3,4.4,11,57.19,70.96,7.1,16.97,11.29,0,0.82,54.9,46.8,63.1,84.0,62.2,673,Good
MSME0046,Risky Enterprises 46,Food & Beverage,Tier-1,2.8,Risky,False,17784.0,33203.0,95.0,10.24,25.71,41.02,40.37,3,3.9,1,34.37,31.63,12.9,-6.11,18.35,1,1.0,18.3,19.6,15.4,19.6,18.4,410,High Risk
MSME0047,Average Enterprises 47,Construction Materials,Tier-2,5.7,Average,False,36455.0,31301.0,179.0,5.58,14.56,53.41,20.88,1,6.0,10,53.56,54.0,11.9,-1.75,16.29,1,1.0,46.2,52.9,48.0,33.4,45.0,570,Moderate
MSME0048,Average Enterprises 48,Auto Repair & Parts,Tier-2,3.9,Average,False,59822.0,48247.0,215.0,5.56,20.59,75.17,17.93,3,6.2,19,54.18,54.82,0.4,8.11,12.41,0,1.0,65.6,61.0,66.4,62.7,63.9,683,Good
MSME0049,Average Enterprises 49,Auto Repair & Parts,Tier-2,4.1,Average,False,50170.0,31960.0,201.0,4.32,14.27,44.98,21.8,2,3.0,15,46.97,44.82,11.6,11.54,15.95,1,1.0,56.2,38.1,46.0,62.4,51.2,607,Moderate
MSME0050,Healthy Enterprises 50,Construction Materials,Tier-2,7.6,Healthy,False,67422.0,32282.0,216.0,3.37,5.7,92.5,3.85,2,3.9,3,90.67,66.34,6.4,11.48,5.0,0,1.0,71.5,83.0,68.3,85.8,77.3,764,Excellent
MSME0051,Ntc Weak Enterprises 51,Agri-Trading,Tier-2,0.1,NTC_weak,True,13066.0,21554.0,123.0,9.17,28.03,20.54,39.04,2,0.1,3,14.05,37.54,15.0,5.87,20.55,0,0.0,12.3,8.8,12.4,40.5,20.3,422,High Risk
MSME0052,Ntc Clean Enterprises 52,Food & Beverage,Tier-3,5.0,NTC_clean,True,70210.0,43031.0,180.0,4.15,11.9,88.76,9.36,2,5.2,7,66.39,71.19,5.1,5.01,5.31,0,1.0,71.4,78.3,64.7,71.3,71.8,731,Good
MSME0053,Ntc Weak Enterprises 53,Retail Trade,Tier-3,2.6,NTC_weak,True,44145.0,21772.0,139.0,4.96,33.15,31.6,39.04,2,1.8,1,28.76,54.14,15.3,-2.26,21.21,0,0.69,32.0,13.8,22.3,21.7,23.5,441,High Risk
MSME0054,Ntc Weak Enterprises 54,Auto Repair & Parts,Tier-1,0.4,NTC_weak,True,35874.0,21987.0,127.0,9.6,23.76,34.81,37.26,4,4.2,1,30.6,18.87,20.9,-6.68,19.22,0,0.07,23.5,7.5,5.0,16.6,15.6,394,High Risk
MSME0055,Risky Enterprises 55,Logistics & Transport,Tier-3,2.8,Risky,False,43704.0,22060.0,123.0,10.7,31.16,29.39,34.6,2,0.4,1,21.15,45.53,9.7,-8.43,15.62,1,0.07,21.3,14.9,18.0,20.6,19.6,417,High Risk
MSME0056,Ntc Clean Enterprises 56,Textile & Apparel,Tier-1,0.1,NTC_clean,True,51898.0,64136.0,235.0,1.34,9.35,60.67,7.87,2,1.3,10,84.57,67.84,13.8,9.83,7.51,0,0.0,79.1,63.8,69.6,76.9,74.6,748,Good
MSME0057,Healthy Enterprises 57,Logistics & Transport,Tier-3,5.3,Healthy,False,42606.0,41713.0,230.0,1.26,6.43,96.35,8.75,0,5.0,15,76.11,80.65,7.3,7.35,5.0,0,1.0,71.0,89.3,82.4,77.0,79.4,776,Excellent
MSME0058,Healthy Enterprises 58,Pharma & Healthcare Retail,Tier-3,4.8,Healthy,False,72797.0,35919.0,251.0,1.83,8.77,81.99,6.21,3,7.8,13,88.96,79.22,0.0,12.85,5.0,0,1.0,79.5,78.0,91.1,88.7,83.7,802,Excellent
MSME0059,Healthy Enterprises 59,IT Services,Tier-2,4.6,Healthy,False,95294.0,35874.0,261.0,1.55,11.33,80.57,7.57,0,6.3,13,89.35,91.74,0.0,13.29,7.13,0,1.0,85.5,84.6,94.1,85.1,86.9,821,Excellent
MSME0060,Average Enterprises 60,IT Services,Tier-1,3.0,Average,False,49569.0,16054.0,137.0,7.11,13.33,45.16,24.71,2,4.5,11,46.21,43.32,18.4,-6.35,8.1,1,1.0,36.7,38.4,35.3,41.1,37.9,528,High Risk
MSME0061,Average Enterprises 61,Pharma & Healthcare Retail,Tier-3,2.6,Average,False,29419.0,37592.0,228.0,6.88,14.31,46.16,13.25,0,4.0,8,65.82,41.84,17.1,9.0,10.52,0,1.0,49.3,55.6,42.0,68.7,54.3,626,Moderate
MSME0062,Average Enterprises 62,Construction Materials,Tier-3,1.3,Average,False,45099.0,22261.0,178.0,7.34,15.71,80.87,21.77,2,3.4,8,56.63,64.37,15.3,-1.66,7.81,0,0.47,40.3,61.6,50.1,51.7,49.3,596,Moderate
MSME0063,Ntc Clean Enterprises 63,Food & Beverage,Tier-1,0.5,NTC_clean,True,67880.0,50217.0,184.0,4.76,5.0,80.23,18.77,1,1.3,19,64.38,73.47,10.4,5.66,5.56,1,0.11,78.6,69.4,74.0,72.2,74.5,747,Good
MSME0064,Average Enterprises 64,Food & Beverage,Tier-2,5.6,Average,False,57800.0,50719.0,178.0,4.82,17.11,37.27,20.29,1,2.0,10,58.49,41.78,7.3,-16.8,12.19,0,0.78,66.7,37.5,47.6,19.6,44.1,565,Moderate
MSME0065,Average Enterprises 65,Auto Repair & Parts,Tier-3,6.9,Average,False,46398.0,42926.0,190.0,5.24,12.99,57.28,18.25,2,4.3,7,61.93,68.72,15.2,-6.69,5.0,0,1.0,60.0,50.7,53.9,47.0,53.2,619,Moderate
MSME0066,Average Enterprises 66,Food & Beverage,Tier-2,2.6,Average,False,46229.0,38029.0,205.0,5.66,14.57,56.48,19.93,2,2.4,8,47.93,49.05,10.3,-10.11,16.96,0,0.96,56.4,45.5,41.4,14.1,40.1,540,High Risk
MSME0067,Healthy Enterprises 67,Retail Trade,Tier-2,11.1,Healthy,False,47421.0,29592.0,292.0,2.06,5.0,94.24,4.18,2,8.4,8,94.94,78.37,8.2,13.44,6.84,0,1.0,69.2,91.7,79.0,86.0,81.0,786,Excellent
MSME0068,Ntc Weak Enterprises 68,Pharma & Healthcare Retail,Tier-3,1.7,NTC_weak,True,19099.0,25344.0,145.0,9.12,25.18,33.1,30.79,2,0.1,1,17.21,47.55,17.2,-5.01,16.45,1,0.0,20.1,21.4,13.6,26.1,20.8,425,High Risk
MSME0069,Healthy Enterprises 69,Construction Materials,Tier-1,10.1,Healthy,False,46673.0,54511.0,247.0,2.02,9.19,91.34,7.37,3,5.7,15,82.34,83.61,12.1,14.44,5.47,0,1.0,77.3,78.7,83.7,91.1,82.4,794,Excellent
MSME0070,Ntc Clean Enterprises 70,Auto Repair & Parts,Tier-3,2.3,NTC_clean,True,49812.0,45882.0,181.0,1.96,7.62,82.52,9.33,1,4.7,3,79.08,67.2,10.2,22.63,8.25,0,0.91,71.2,77.9,60.8,93.0,76.3,758,Excellent
MSME0071,Ntc Clean Enterprises 71,Logistics & Transport,Tier-1,0.1,NTC_clean,True,66818.0,25260.0,220.0,3.68,6.87,82.19,9.95,1,0.1,4,81.83,66.03,10.8,18.19,6.99,0,0.0,66.0,80.7,62.4,95.7,76.0,756,Excellent
MSME0072,Healthy Enterprises 72,IT Services,Tier-1,7.1,Healthy,False,83263.0,49128.0,232.0,3.41,5.0,89.56,1.8,1,9.9,8,75.34,83.67,11.8,5.04,5.0,0,1.0,90.3,93.4,72.1,72.1,82.9,797,Excellent
MSME0073,Healthy Enterprises 73,Textile & Apparel,Tier-2,8.2,Healthy,False,91456.0,32498.0,238.0,2.85,6.95,82.75,4.75,0,9.0,9,92.75,82.49,3.4,10.48,5.0,0,1.0,82.1,92.2,85.7,83.7,85.7,814,Excellent
MSME0074,Ntc Clean Enterprises 74,Auto Repair & Parts,Tier-3,5.3,NTC_clean,True,57317.0,47927.0,218.0,4.44,10.98,57.81,13.2,0,0.1,5,68.92,73.84,0.7,10.22,7.98,0,0.0,72.4,65.2,68.2,76.7,72.0,732,Good
MSME0075,Risky Enterprises 75,Construction Materials,Tier-3,2.4,Risky,False,40751.0,24506.0,114.0,9.82,28.05,23.45,42.43,4,3.9,5,25.89,35.29,14.0,-23.79,11.36,0,0.96,22.9,6.5,16.9,21.4,17.3,404,High Risk
MSME0076,Risky Enterprises 76,Manufacturing (Light),Tier-2,2.6,Risky,False,32980.0,18299.0,109.0,9.05,24.62,39.28,33.13,2,3.0,8,23.07,29.33,18.7,3.28,18.78,1,1.0,18.9,24.9,12.5,38.7,24.1,444,High Risk
MSME0077,Ntc Weak Enterprises 77,IT Services,Tier-2,0.2,NTC_weak,True,5000.0,25270.0,141.0,8.21,24.2,30.63,35.26,4,2.9,2,40.42,47.54,18.3,-4.04,19.94,0,0.0,20.1,6.3,24.0,20.6,19.3,416,High Risk
MSME0078,Healthy Enterprises 78,Agri-Trading,Tier-2,5.5,Healthy,False,52039.0,36033.0,247.0,1.87,5.0,91.8,4.65,1,12.3,9,82.91,84.28,13.6,11.6,5.0,1,1.0,73.1,93.8,76.2,86.0,82.1,793,Excellent
MSME0079,Average Enterprises 79,Logistics & Transport,Tier-2,4.5,Average,False,14156.0,22922.0,201.0,8.48,15.27,53.45,19.18,3,2.7,3,53.66,49.42,11.1,15.7,12.27,1,1.0,28.6,41.0,38.1,79.2,46.2,578,Moderate
MSME0080,Healthy Enterprises 80,Pharma & Healthcare Retail,Tier-2,6.1,Healthy,False,44552.0,35398.0,258.0,1.1,5.0,95.59,4.61,0,2.7,6,80.77,73.86,3.2,18.1,5.0,0,1.0,71.0,88.8,73.6,99.9,83.2,799,Excellent
MSME0081,Ntc Weak Enterprises 81,Food & Beverage,Tier-1,3.9,NTC_weak,True,60698.0,4357.0,124.0,7.62,27.96,30.28,33.64,1,0.1,5,48.56,27.05,13.5,3.55,16.02,0,0.0,27.1,21.0,24.6,45.2,31.3,488,High Risk
MSME0082,Risky Enterprises 82,IT Services,Tier-1,6.6,Risky,False,32547.0,16003.0,130.0,11.53,36.36,37.8,35.63,3,2.3,5,27.05,31.68,24.1,-14.05,22.92,0,0.91,13.5,16.7,10.6,0.0,10.2,361,High Risk
MSME0083,Average Enterprises 83,Construction Materials,Tier-1,6.3,Average,False,51613.0,31902.0,145.0,5.92,13.05,74.77,21.12,2,4.9,1,75.49,43.39,14.5,8.45,10.11,0,1.0,50.3,59.4,41.4,68.4,55.3,632,Moderate
MSME0084,Healthy Enterprises 84,Manufacturing (Light),Tier-1,6.1,Healthy,False,57868.0,49443.0,246.0,1.71,5.0,96.75,4.45,0,7.6,12,86.48,79.72,0.0,5.69,5.0,0,1.0,84.1,97.7,88.9,73.4,85.8,815,Excellent
MSME0085,Average Enterprises 85,Agri-Trading,Tier-1,3.8,Average,False,43516.0,30461.0,200.0,6.89,18.81,78.51,22.56,4,2.4,18,54.58,55.46,9.9,2.43,11.63,0,0.96,45.4,48.5,60.1,52.3,50.8,605,Moderate
MSME0086,Average Enterprises 86,Agri-Trading,Tier-1,3.7,Average,False,41307.0,38602.0,229.0,5.56,14.59,60.63,25.23,1,4.5,12,62.51,59.71,15.5,-15.46,13.23,0,1.0,56.8,50.6,55.3,17.3,45.1,570,Moderate
MSME0087,Risky Enterprises 87,Retail Trade,Tier-2,4.4,Risky,False,22765.0,14659.0,103.0,10.7,28.32,44.0,29.94,3,4.5,1,27.92,12.5,22.0,-7.72,21.92,0,1.0,7.0,29.4,3.6,9.9,12.6,376,High Risk
MSME0088,Risky Enterprises 88,Construction Materials,Tier-3,4.3,Risky,False,5000.0,2000.0,69.0,13.48,23.19,43.59,34.61,2,4.6,1,15.59,25.08,10.8,-10.65,22.06,1,1.0,3.7,29.0,7.3,3.6,10.7,364,High Risk
MSME0089,Ntc Clean Enterprises 89,Pharma & Healthcare Retail,Tier-3,0.1,NTC_clean,True,90918.0,38515.0,216.0,1.48,5.0,67.33,11.07,1,0.1,13,66.14,71.17,15.6,14.74,5.96,0,0.0,87.4,69.4,64.1,90.7,81.5,789,Excellent
MSME0090,Average Enterprises 90,IT Services,Tier-3,10.4,Average,False,38813.0,35095.0,182.0,7.36,19.37,70.59,12.2,2,5.5,9,63.73,58.53,6.8,-8.22,9.66,0,1.0,43.8,65.8,58.0,33.8,49.6,598,Moderate
MSME0091,Healthy Enterprises 91,Construction Materials,Tier-1,7.3,Healthy,False,65380.0,30620.0,281.0,1.95,5.0,86.99,9.35,1,4.2,13,76.43,69.06,12.0,14.19,5.0,0,1.0,77.4,79.2,70.9,91.6,80.1,781,Excellent
MSME0092,Risky Enterprises 92,Pharma & Healthcare Retail,Tier-3,2.4,Risky,False,74307.0,15036.0,124.0,11.72,31.58,26.38,32.95,1,1.4,9,46.16,17.66,14.5,-6.21,20.34,0,0.51,29.4,18.8,27.0,15.2,23.0,438,High Risk
MSME0093,Ntc Clean Enterprises 93,Manufacturing (Light),Tier-1,0.1,NTC_clean,True,45679.0,39781.0,231.0,3.11,8.32,85.89,3.57,0,0.5,3,70.37,69.59,0.5,-0.3,5.0,0,0.0,67.5,94.2,64.5,60.7,68.2,709,Good
MSME0094,Risky Enterprises 94,Textile & Apparel,Tier-1,1.5,Risky,False,30343.0,17354.0,115.0,7.85,26.49,38.56,31.55,4,2.1,1,35.57,50.33,17.9,-0.92,17.97,0,0.56,18.5,16.2,22.0,31.5,22.3,434,High Risk
MSME0095,Ntc Clean Enterprises 95,Agri-Trading,Tier-3,0.1,NTC_clean,True,54571.0,43519.0,252.0,4.33,5.44,70.39,9.24,2,0.1,11,73.64,76.09,15.8,19.0,5.17,0,0.0,74.9,69.0,68.0,99.6,80.2,781,Excellent
MSME0096,Average Enterprises 96,Manufacturing (Light),Tier-3,4.9,Average,False,50735.0,34017.0,185.0,7.22,15.01,44.04,25.68,1,2.7,4,70.37,38.78,26.2,11.6,12.0,1,1.0,51.2,37.4,35.3,71.0,49.5,597,Moderate
MSME0097,Average Enterprises 97,IT Services,Tier-1,8.5,Average,False,52046.0,30938.0,151.0,7.0,12.38,50.28,23.98,2,4.2,13,70.83,69.77,7.9,11.3,11.97,0,1.0,49.0,41.4,71.3,70.4,56.9,641,Moderate
MSME0098,Average Enterprises 98,Logistics & Transport,Tier-2,4.7,Average,False,44253.0,32445.0,190.0,4.86,16.33,73.86,16.87,3,1.7,18,65.06,73.53,13.9,6.81,13.54,0,0.64,51.0,55.2,71.9,57.5,57.8,647,Moderate
MSME0099,Healthy Enterprises 99,Logistics & Transport,Tier-3,8.7,Healthy,False,53030.0,36393.0,277.0,1.68,5.63,92.2,5.16,1,3.9,10,82.47,82.14,0.0,17.77,5.0,0,1.0,76.0,85.4,85.7,99.2,86.1,817,Excellent
MSME0100,Healthy Enterprises 100,Retail Trade,Tier-1,9.4,Healthy,False,83056.0,58917.0,275.0,0.0,10.32,83.4,2.9,1,3.5,7,91.34,85.34,8.6,8.85,5.0,0,1.0,94.4,80.9,80.9,80.2,84.8,809,Excellent
MSME0101,Healthy Enterprises 101,Pharma & Healthcare Retail,Tier-2,6.8,Healthy,False,80376.0,35563.0,239.0,1.98,5.0,83.08,4.57,1,7.5,11,87.11,81.18,6.5,11.5,5.0,0,1.0,83.5,87.1,84.2,85.8,85.1,811,Excellent
MSME0102,Risky Enterprises 102,Textile & Apparel,Tier-2,2.0,Risky,False,25986.0,14184.0,90.0,9.5,26.8,25.42,32.03,3,3.3,3,12.59,29.96,12.6,1.86,18.57,0,0.78,10.0,13.7,10.2,36.2,17.7,406,High Risk
MSME0103,Average Enterprises 103,Manufacturing (Light),Tier-1,2.3,Average,False,68127.0,28439.0,176.0,6.35,13.87,78.93,18.77,2,5.9,15,51.32,54.24,16.9,9.83,14.3,0,0.91,56.2,65.6,49.3,62.3,58.6,652,Good
MSME0104,Average Enterprises 104,Retail Trade,Tier-2,7.8,Average,False,38179.0,31908.0,178.0,6.39,17.32,51.67,20.46,1,5.6,8,58.74,63.93,9.1,10.58,8.84,0,1.0,44.1,51.6,55.4,75.6,56.1,637,Moderate
MSME0105,Ntc Weak Enterprises 105,Logistics & Transport,Tier-2,0.1,NTC_weak,True,26835.0,20538.0,139.0,8.19,16.15,35.56,38.44,1,1.9,8,12.27,25.64,14.3,-5.44,16.37,0,0.0,26.9,20.2,13.0,25.3,22.8,437,High Risk
MSME0106,Average Enterprises 106,Agri-Trading,Tier-3,4.7,Average,False,47987.0,48011.0,197.0,6.83,22.33,53.96,22.83,2,6.9,2,49.55,58.19,12.4,12.08,12.8,0,1.0,56.0,49.4,38.3,70.3,54.4,626,Moderate
MSME0107,Average Enterprises 107,Manufacturing (Light),Tier-3,4.5,Average,False,44802.0,32214.0,165.0,8.52,9.41,61.66,29.11,2,3.6,5,56.38,70.36,0.0,15.04,7.56,1,1.0,47.3,42.5,60.4,87.9,58.9,653,Good
MSME0108,Ntc Clean Enterprises 108,Construction Materials,Tier-3,0.1,NTC_clean,True,71228.0,39384.0,242.0,2.79,5.0,74.27,10.63,1,0.7,11,65.35,70.21,10.4,8.46,5.0,0,0.0,81.1,74.6,64.6,79.3,76.4,759,Excellent
MSME0109,Average Enterprises 109,Manufacturing (Light),Tier-3,6.2,Average,False,54190.0,39437.0,198.0,6.44,18.42,40.95,17.8,2,6.8,8,50.4,50.64,14.9,2.43,11.38,0,1.0,56.2,46.1,40.2,52.8,49.6,598,Moderate
MSME0110,Healthy Enterprises 110,Logistics & Transport,Tier-3,12.0,Healthy,False,98006.0,27568.0,280.0,1.63,7.9,76.18,8.68,0,8.5,10,76.28,79.56,7.9,12.51,5.55,0,1.0,83.5,85.0,75.6,86.8,83.1,799,Excellent
MSME0111,Average Enterprises 111,Manufacturing (Light),Tier-1,4.8,Average,False,46331.0,22115.0,222.0,4.98,10.09,61.92,16.13,1,3.1,8,45.57,70.47,13.9,1.37,8.96,0,1.0,51.7,56.8,48.5,55.7,53.3,620,Moderate
MSME0112,Healthy Enterprises 112,Textile & Apparel,Tier-1,5.9,Healthy,False,79169.0,43376.0,281.0,1.73,5.0,92.14,0.0,0,5.0,5,77.51,89.3,8.6,10.79,6.54,0,1.0,91.4,92.4,72.6,81.0,85.3,812,Excellent
MSME0113,Ntc Weak Enterprises 113,Agri-Trading,Tier-1,0.1,NTC_weak,True,42151.0,16988.0,99.0,11.43,31.76,42.79,33.93,2,0.1,7,39.18,49.02,19.5,-16.02,21.76,0,0.0,15.5,24.8,29.1,0.0,14.7,388,High Risk
MSME0114,Ntc Clean Enterprises 114,Manufacturing (Light),Tier-3,0.1,NTC_clean,True,66153.0,38611.0,245.0,2.87,7.59,76.66,13.77,0,0.1,4,73.63,72.49,5.3,4.46,11.1,0,0.0,77.0,77.4,65.4,57.7,68.9,714,Good
MSME0115,Risky Enterprises 115,Textile & Apparel,Tier-2,3.4,Risky,False,17313.0,29055.0,103.0,10.43,29.1,21.99,34.97,4,6.6,4,27.62,32.69,18.7,5.09,16.51,1,1.0,13.7,14.2,11.9,47.5,21.9,431,High Risk
MSME0116,Ntc Weak Enterprises 116,Auto Repair & Parts,Tier-1,0.3,NTC_weak,True,15219.0,17359.0,102.0,9.34,25.21,26.37,31.02,1,0.1,8,33.63,45.09,15.3,-15.45,20.39,0,0.0,9.6,21.0,28.5,2.0,12.5,375,High Risk
MSME0117,Ntc Clean Enterprises 117,Logistics & Transport,Tier-2,0.1,NTC_clean,True,60062.0,34614.0,238.0,3.9,12.38,91.59,8.56,0,0.1,10,62.29,62.34,9.2,8.69,6.68,0,0.0,66.8,93.0,58.7,76.2,71.3,728,Good
MSME0118,Healthy Enterprises 118,IT Services,Tier-1,6.2,Healthy,False,54137.0,43270.0,219.0,2.41,5.0,98.23,6.36,1,11.2,6,84.61,74.88,6.2,20.48,5.0,0,1.0,75.3,93.9,74.0,100.0,85.9,815,Excellent
MSME0119,Ntc Clean Enterprises 119,Logistics & Transport,Tier-2,0.1,NTC_clean,True,80249.0,47109.0,195.0,4.41,10.9,67.71,9.14,1,3.9,12,63.08,83.56,7.7,7.36,5.81,0,0.0,79.4,71.7,73.4,75.3,76.0,756,Excellent
MSME0120,Average Enterprises 120,Manufacturing (Light),Tier-1,7.1,Average,False,57062.0,36170.0,158.0,7.99,15.15,66.55,18.55,2,4.6,1,63.24,75.69,13.2,-2.9,13.15,0,1.0,51.5,56.3,52.6,37.6,49.4,597,Moderate
MSME0121,Ntc Clean Enterprises 121,Textile & Apparel,Tier-3,0.1,NTC_clean,True,50644.0,33476.0,211.0,2.3,8.59,74.27,12.73,2,0.1,10,74.0,73.78,7.9,13.75,7.76,0,0.0,65.0,68.1,71.5,84.7,72.6,736,Good
MSME0122,Ntc Weak Enterprises 122,Manufacturing (Light),Tier-2,4.6,NTC_weak,True,43709.0,7992.0,106.0,8.41,29.1,28.8,40.31,3,2.4,4,47.72,23.46,16.8,-7.17,22.79,0,0.96,16.7,9.7,20.3,11.0,14.3,386,High Risk
MSME0123,Average Enterprises 123,IT Services,Tier-1,3.3,Average,False,37573.0,11558.0,210.0,4.34,15.1,58.62,26.69,2,5.6,10,70.23,55.85,19.8,-10.3,13.72,0,1.0,38.4,46.4,51.9,20.6,38.6,532,High Risk
MSME0124,Healthy Enterprises 124,Manufacturing (Light),Tier-1,8.9,Healthy,False,76541.0,43187.0,200.0,2.04,5.0,89.05,14.96,1,6.4,15,84.9,84.52,7.5,21.87,5.0,0,1.0,83.5,79.4,88.7,100.0,87.6,826,Excellent
MSME0125,Average Enterprises 125,Textile & Apparel,Tier-2,5.9,Average,False,51282.0,44957.0,179.0,6.27,12.39,57.41,20.48,0,1.2,10,56.69,52.66,6.8,-1.03,11.7,0,0.42,61.0,54.6,52.6,44.7,53.6,622,Moderate
MSME0126,Average Enterprises 126,Retail Trade,Tier-1,7.2,Average,False,70793.0,42918.0,173.0,4.87,11.38,80.13,26.23,2,7.9,7,64.52,58.09,12.5,6.1,10.25,1,1.0,70.1,63.3,51.8,63.0,63.0,678,Good
MSME0127,Ntc Weak Enterprises 127,Food & Beverage,Tier-1,1.5,NTC_weak,True,69712.0,10104.0,151.0,10.8,25.92,50.59,35.36,3,0.5,10,45.96,28.74,9.7,-5.62,16.2,1,0.11,29.2,23.9,32.8,25.3,28.0,468,High Risk
MSME0128,Ntc Clean Enterprises 128,Manufacturing (Light),Tier-1,1.2,NTC_clean,True,55540.0,36794.0,258.0,3.9,8.94,81.53,7.76,1,0.1,7,80.77,61.38,4.1,0.97,5.0,0,0.0,70.1,82.5,67.8,63.4,69.2,715,Good
MSME0129,Healthy Enterprises 129,Auto Repair & Parts,Tier-2,6.2,Healthy,False,76721.0,40874.0,283.0,1.89,5.07,94.31,3.71,1,3.7,19,89.24,98.5,11.2,6.58,5.7,0,1.0,88.5,87.5,92.0,73.8,85.3,812,Excellent
MSME0130,Average Enterprises 130,Retail Trade,Tier-2,4.3,Average,False,33083.0,32578.0,194.0,7.99,19.06,61.72,24.24,1,4.8,16,56.04,50.37,7.2,-3.85,9.28,1,1.0,40.0,52.6,57.8,43.9,47.7,586,Moderate
MSME0131,Average Enterprises 131,Pharma & Healthcare Retail,Tier-1,6.0,Average,False,47113.0,22346.0,200.0,5.62,20.78,40.5,29.85,2,2.4,11,69.68,59.03,1.7,1.88,14.21,1,0.96,42.6,27.4,67.3,45.6,44.6,567,Moderate
MSME0132,Average Enterprises 132,Manufacturing (Light),Tier-3,3.6,Average,False,69225.0,23405.0,222.0,5.08,14.96,57.01,22.21,1,4.1,1,68.48,64.04,9.0,0.62,13.14,0,1.0,58.6,50.4,52.3,45.2,51.9,612,Moderate
MSME0133,Healthy Enterprises 133,Textile & Apparel,Tier-3,9.6,Healthy,False,104742.0,33090.0,228.0,1.21,5.29,94.6,2.9,2,7.1,5,71.49,72.83,1.2,11.19,6.92,0,1.0,84.8,90.0,68.6,81.0,81.9,791,Excellent
MSME0134,Average Enterprises 134,Agri-Trading,Tier-2,5.4,Average,False,55730.0,19105.0,151.0,7.75,20.06,37.35,13.89,3,4.0,11,57.44,63.89,10.5,0.85,14.26,0,1.0,37.0,38.7,57.2,43.3,43.0,558,Moderate
MSME0135,Ntc Weak Enterprises 135,IT Services,Tier-3,2.7,NTC_weak,True,19263.0,15118.0,145.0,11.83,27.05,24.2,43.44,2,0.1,6,50.54,43.54,18.3,-0.29,18.73,0,0.0,10.1,8.8,31.8,31.2,20.6,424,High Risk
MSME0136,Average Enterprises 136,Construction Materials,Tier-2,3.8,Average,False,45151.0,25821.0,191.0,5.13,16.1,74.65,23.4,2,5.5,11,48.3,58.38,23.3,12.73,10.04,0,1.0,47.0,58.4,42.2,77.6,56.5,639,Moderate
MSME0137,Average Enterprises 137,Pharma & Healthcare Retail,Tier-1,5.0,Average,False,44289.0,24089.0,136.0,4.01,17.83,62.84,22.22,0,3.2,14,57.14,46.55,9.9,-1.55,12.3,0,1.0,41.9,56.0,52.2,42.3,47.6,586,Moderate
MSME0138,Risky Enterprises 138,Textile & Apparel,Tier-1,4.4,Risky,False,9731.0,11340.0,73.0,9.07,26.73,37.95,31.21,2,1.1,4,21.52,35.73,8.6,-8.88,20.4,0,0.38,4.3,23.6,17.5,9.3,11.7,370,High Risk
MSME0139,Average Enterprises 139,Auto Repair & Parts,Tier-3,5.7,Average,False,51347.0,30192.0,194.0,5.65,20.76,53.26,16.11,0,2.9,2,59.96,58.19,5.1,8.24,15.5,0,1.0,48.8,55.2,48.9,56.3,52.3,614,Moderate
MSME0140,Ntc Weak Enterprises 140,Auto Repair & Parts,Tier-3,4.6,NTC_weak,True,60207.0,26612.0,105.0,6.74,21.1,48.63,32.13,2,0.1,14,51.26,57.19,15.5,-1.64,14.05,0,0.0,40.9,30.6,50.6,38.4,40.8,545,High Risk
MSME0141,Ntc Weak Enterprises 141,Logistics & Transport,Tier-3,6.1,NTC_weak,True,33889.0,17242.0,50.0,8.92,25.65,41.29,41.3,5,3.1,2,31.95,42.39,18.8,9.03,26.04,1,1.0,16.8,14.6,16.7,45.6,23.4,441,High Risk
MSME0142,Average Enterprises 142,Retail Trade,Tier-2,4.9,Average,False,57519.0,41832.0,203.0,5.51,10.94,53.57,18.82,2,3.9,4,51.4,57.37,14.9,15.46,10.84,0,1.0,65.7,47.3,39.4,81.7,59.8,659,Good
MSME0143,Average Enterprises 143,Retail Trade,Tier-3,4.1,Average,False,47000.0,35858.0,181.0,8.2,19.27,66.75,20.59,1,5.4,2,71.81,56.4,12.0,-2.55,13.35,0,1.0,46.2,59.8,49.1,38.0,48.1,589,Moderate
MSME0144,Average Enterprises 144,Pharma & Healthcare Retail,Tier-1,4.5,Average,False,60961.0,32799.0,198.0,4.01,16.87,60.89,17.1,0,5.2,13,59.61,45.09,5.2,0.89,15.62,0,1.0,59.8,62.9,54.9,40.4,54.7,628,Moderate
MSME0145,Average Enterprises 145,Pharma & Healthcare Retail,Tier-3,4.2,Average,False,50976.0,33018.0,183.0,5.99,20.88,68.87,23.91,1,2.2,12,65.88,71.25,7.5,2.35,6.97,1,0.87,48.9,53.1,68.6,62.1,57.2,643,Moderate
MSME0146,Healthy Enterprises 146,Food & Beverage,Tier-3,10.2,Healthy,False,61003.0,31393.0,250.0,1.8,5.0,81.9,8.82,0,3.0,12,86.35,77.22,1.7,8.88,5.0,0,1.0,74.2,78.4,86.3,80.2,79.2,775,Excellent
MSME0147,Risky Enterprises 147,Pharma & Healthcare Retail,Tier-1,4.3,Risky,False,47066.0,11843.0,79.0,8.16,25.42,22.53,34.74,3,5.0,5,25.84,34.11,12.3,-6.31,20.46,0,1.0,20.1,15.3,17.5,14.7,17.0,402,High Risk
MSME0148,Average Enterprises 148,Auto Repair & Parts,Tier-1,2.7,Average,False,39939.0,38291.0,189.0,7.41,12.15,64.89,20.9,2,6.5,11,60.6,43.11,5.7,3.12,11.65,0,1.0,51.3,56.7,51.7,53.7,53.3,620,Moderate
MSME0149,Healthy Enterprises 149,Retail Trade,Tier-1,9.3,Healthy,False,70234.0,37064.0,266.0,4.12,5.0,91.49,5.8,1,6.1,10,82.78,80.19,0.0,10.88,5.0,0,1.0,79.0,88.3,84.9,84.5,83.9,803,Excellent
MSME0150,Average Enterprises 150,Food & Beverage,Tier-1,3.9,Average,False,65030.0,32127.0,191.0,4.1,15.91,56.03,24.68,2,5.7,6,55.61,71.45,12.7,-1.14,13.82,0,1.0,60.9,46.8,52.7,40.0,50.5,603,Moderate
